title,collectionsCount,subscribersCount,entriesCount,viewsCount
d3.js,688,6128,11,8974
Safari,261,7837,17,7783
Bootstrap,4668,30289,44,83404
Markdown,5124,21462,94,107364
Rails,334,3057,20,12768
Rust,196,2644,11,7462
CoffeeScript,41,3731,3,1102
Gulp,8826,10355,93,140679
Nginx,6106,21735,85,95745
SVG,6000,10898,116,109629
PostCSS,1579,4159,29,32188
SCSS,4348,10384,70,69166
Y Combinator,94,2590,7,4252
CircleCI,263,1936,8,4740
Firefox,124,9470,11,7620
Instagram,340,3921,12,8194
Python,45234,45100,1007,930588
C,2213,14870,50,52019
SQLite,1133,12332,34,20835
Grunt,629,6497,13,9714
PHP,15376,25143,375,329720
NPM,3904,11809,90,78990
Chrome,13945,36716,188,264517
Facebook,4985,14529,102,152969
编译器,1509,8787,35,34262
JetBrains,476,5722,8,10897
Medium,1766,4677,59,52006
Laravel,3702,4774,112,89534
Wireshark,704,6237,4,11758
Electron,3878,4448,54,80789
Bower,279,3595,2,3747
V2EX,328,7534,8,6058
Flux,1988,4509,33,46104
Polymer,162,2226,7,5610
Meteor.js,848,4493,24,19344
ionic,324,6160,8,9096
GraphQL,779,2737,28,24034
程序员,87555,79216,1073,2205834
稀土,3337,16381,72,213113
Express,3517,7872,50,66769
Eclipse,429,17021,10,10869
C++,3495,18404,101,75019
状态机,68,5113,3,1570
jQuery,10014,36808,141,162529
远程工作,520,10730,18,16242
Hacker News,844,6644,17,15482
测试,11313,14847,280,240037
编程语言,18838,42555,290,390636
命令行,6882,36691,115,132253
Debug,5361,16791,78,103058
Awesome,24657,13673,206,431165
HTML,46989,67502,491,741745
Flask,1945,4180,37,32346
PostgreSQL,495,4953,38,19506
Microsoft,1083,11079,42,43615
Ubuntu,1044,15066,26,25256
Twitter,672,7104,19,16976
Git,24598,55299,226,355769
MongoDB,3703,19378,83,71733
Redis,7153,16540,146,132480
Ember.js,260,3455,10,11782
MySQL,11093,39409,219,176226
Go,5321,12881,179,145851
Ruby,1543,6711,40,45162
Django,1118,7154,35,26302
Angular.js,15692,28530,230,318873
Backbone.js,151,5821,5,3978
科幻,93,9534,5,3590
Unity3D,585,9886,35,15633
Surge,1933,3232,12,65296
正则表达式,9954,39249,51,156518
黑客,2342,47529,61,69623
ORM,1664,5870,22,42598
shadowsocks,1529,17989,18,47599
fir.im,604,3351,70,13461
.NET,218,6039,17,8149
Apple Watch,192,4787,24,14168
MVVM,7525,21987,105,177575
TypeScript,1510,6737,40,37444
Latex,158,2464,3,3761
VIM,3069,14538,59,58094
机器人,1821,8717,37,33684
嵌入式,120,8856,5,3290
Android Wear,1558,4220,23,25376
SAMSUNG,66,2838,2,2442
Sublime Text,7062,31025,44,129242
DaoCloud,281,2434,5,9617
Travis CI,898,2412,28,18969
DevOps,3261,4985,96,78773
安全,15560,27551,372,397521
DOM,3603,12620,48,40252
WebAssembly,66,2261,4,1768
比特币,154,5749,10,7920
Mac,16806,42594,254,408436
CSS,86608,66351,1033,1312723
React.js,47617,45185,726,915804
Vue.js,68222,39886,730,1403066
Spark,731,4488,43,19138
Elm,97,1508,8,3104
Lua,647,3487,34,18609
Slack,281,2124,10,8690
API,17153,30512,236,301370
CMS,831,4387,15,15689
Uber,485,4300,23,19469
前端框架,45313,63733,426,907656
Cocoa,1562,4661,51,40524
flexbox,5779,6946,71,84622
LLVM,87,3085,6,3125
物联网,601,19209,17,16835
Promise,4052,5880,71,57583
Underscore.js,399,4270,12,7084
HTTP,27401,42799,263,423363
设计模式,23625,73177,342,381746
maven,892,9300,20,15627
Webkit,1085,9416,16,20590
电子书,6179,17433,38,98628
工具资源,140848,86372,1611,2388998
云计算,4150,19460,194,79840
数据挖掘,6217,28015,149,191225
游戏,2351,13134,81,102783
Keynote,42,4053,1,1037
动效,26748,24277,266,474912
ReactiveCocoa,816,2920,38,22137
操作系统,1882,27988,37,36458
全栈,8991,49264,86,164140
连续集成,2148,6753,57,42011
配色,3415,16566,49,61243
ReactiveX,4804,3743,52,81678
敏捷开发,1659,21520,31,30810
DNodeJS,366,3613,5,5750
午夜话题,41,3899,3,2310
WebP,1567,3153,16,29488
Canvas,9862,16066,174,164158
响应式设计,5760,40074,56,94484
如何当个好爸爸,11,6321,6,1928
WebGL,1068,6197,45,23269
投资,528,9255,18,19372
UML,662,5793,6,10099
Sea.js,397,6461,7,6001
APK,6093,11793,60,78509
Pixate,248,2023,7,11044
Google,23368,56712,328,538605
Java,103821,65303,1493,1590201
黑科技,8276,60510,114,606491
开源,66822,74362,797,1291123
设计,84673,90174,1592,1873095
后端,116031,94620,2431,2267040
虚拟现实,3186,20887,111,87595
Android,697977,100213,6803,10610138
Apache,530,11109,27,13158
教程,103148,83093,932,1904714
面试,54044,76334,255,975619
Github,69306,105124,897,1415290
APP,46428,55438,586,913266
UI Kit,10899,9529,120,182477
React Native,35412,32196,495,703360
性能,32889,57038,366,587686
线下活动,1461,6161,131,96333
Scala,282,3928,17,7468
百度,2480,7896,24,64147
增强现实,1495,11805,46,40957
iOS,163137,65896,3601,3739843
Swift,28498,30317,1180,928488
招聘,3609,19361,56,147749
前端,364106,126459,4316,6392150
掘金翻译计划,24655,14020,389,797034
Windows,2118,9603,37,44049
gradle,12900,31891,118,249829
Android Studio,36261,45555,262,643909
Kotlin,4733,6281,91,111818
RxJava,40900,26237,309,593440
Material Design,23701,34205,199,390165
代码规范,10143,86469,119,220863
Objective-C,12250,24198,337,282144
Xcode,3770,25964,130,119226
Apple,3866,37521,153,163536
移动开发,158987,89290,1691,2750711
JavaScript,222100,88872,2412,3548736
ECMAScript 6,23825,39819,334,408914
Webpack,30924,30312,363,548901
Node.js,47897,56419,716,937120
架构,37667,83665,467,727093
Docker,9892,24841,370,246487
算法,25214,78338,402,394336
机器学习,9943,33616,255,192245
Linux,11677,55634,223,215469
数据库,13232,63756,282,222248
Sketch,5734,17612,97,131239
UI/UX,24821,32526,561,637962
图片资源,11191,38308,163,208064
Icon,10436,20298,117,163759
Photoshop,2825,33043,49,61696
微信,34974,57660,410,859121
创业,8069,47936,267,602657
字体,5487,25231,159,135125
数据可视化,3891,23526,84,71601
SEO,1773,10873,20,27379
Trello,189,2895,4,4832
微服务,3785,6593,127,73127
产品,31287,66213,979,864810
Atom,2424,10376,32,52329
阿里巴巴,4721,16687,85,99602
腾讯,5250,20424,63,119449
浏览器,4737,7387,59,72726
Retrofit,23005,4195,175,305444
沸点,5707,3313,77,325486
设计师,18000,35607,509,565334
Weex,2329,4338,59,73149
莆田,168,1834,6,20991
产品经理,15772,44779,537,589959
运营,3467,18929,150,119310
Hadoop,245,5549,14,5570
Arduino,6,1870,1,241
人工智能,1694,9023,67,35864
Web Components,1316,2072,22,24840
WebRTC,688,1709,15,9477
koa,1940,1918,33,28588
Dagger,4081,1428,39,48147
RxSwift,210,1537,13,5967
直播,5801,3634,92,96212
区块链,211,3749,13,3401
支付宝,2189,5237,19,35564
微信小程序,18415,17496,389,501747
Redux,3837,2091,82,56813
Visual Studio Code,1367,2610,28,37491
Elixir,1,495,6,1167
双十一,1954,706,26,44138
Yarn,186,871,16,6466
CentOS,201,1568,13,3759
Emacs,84,632,11,3567
Glide,769,762,21,16685
Touch bar,37,508,4,1857
RxJS,1923,967,40,28928
Picasso,324,655,14,5233
OKHttp,5099,1388,63,63844
TensorFlow,487,807,25,11246
SQL,1406,2252,12,15998
NoSQL,255,1579,15,4157
HotFix,683,603,33,12508
Kubernetes ,113,408,19,3204
HTTPS,5573,3231,63,82201
深度学习,1108,2774,48,19377
PhantomJS,0,362,0,0
播客,216,450,9,4077
macOS,844,1206,20,17841
源码,3132,2956,92,46569
Ajax,2587,2728,25,30184
蓝牙,759,705,12,8039
360,14,494,6,909
Shell,620,1480,13,8869
MVP,3736,1382,32,49501
单元测试,509,1598,18,6054
Less,1589,1194,10,18182
Vonic,703,413,4,19078
JVM,667,1366,23,9557
求职,1789,1201,16,35768
函数式编程,1093,2032,26,14838
爬虫,2456,2903,40,58169
负载均衡,146,1196,7,2041
Spring,5379,2303,130,77777
MyBatis,882,1036,24,12949
Firebase,46,310,5,1556
Daydream,18,190,2,684
Kafka,392,421,6,5209
逆向,554,644,20,9155
计算机视觉,113,539,5,2246
Agera ,0,153,0,0
UnrealEngine,19,189,5,449
掘金技术征文,4235,716,66,108218
Realm,449,353,8,5642
JSON,338,1968,15,4731
EventBus,502,379,13,8040
Bintray,7,126,1,241
JCenter,220,171,4,1618
Gevent,1,106,2,137
Gunicorn,10,100,1,289
PyPy,6,137,1,318
Cython,0,173,0,0
Scrapy,97,166,6,1503
Brython,0,98,0,0
IPython,0,233,0,0
NumPy,4,145,4,364
SciPy,0,112,0,0
SymPy,0,107,0,0
Twisted,0,101,0,0
PyQt,0,180,0,0
Tornado,44,131,5,982
web.py,0,131,0,0
Yii,49,221,6,862
Babel,66,89,2,691
Clojure,12,13,4,9
响应式编程,145,48,19,1667
Karma,16,3,5,182
职业发展,21,18,4,276
CTO,2,6,6,10
Vuex,8586,6505,93,150897
Memcached,3,8,7,61
Unicode,39,6,9,1064
PWA,38,1,10,563
AB测试,2,4,4,60
